1,-12,104728,0.002248700332841566,0.07422018051147461,0.0011800034794868604,0.07482409477233887,0.0006383648663189665,0.07537245750427246,0.00034833043331719527,0.07590746879577637,0.00019003047194524907,0.07644033432006836,0.00010415809868127264,0.07698273658752441,5.705145969139772e-05,0.07752346992492676,3.186173442545105e-05,0.07803869247436523,1.813331461399222e-05,0.07855463027954102,1.1410565440576249e-05,0.0790705680847168,7.826929703120639e-06,0.07959318161010742,5.9681435091616095e-06,0.08009123802185059,4.66327307310758e-06,0.08060383796691895,3.4913643069714215e-06,0.0811147689819336,2.4966951874217955e-06,0.08162498474121094,1.6561957085909355e-06,0.08214902877807617,1.0489700610949075e-06,0.0826711654663086,6.205757419136041e-07,0.08316969871520996,4.0169391844876495e-07,0.08372688293457031
1,-10,104851,0.0021898810555602056,0.04481339454650879,0.0011500911898590766,0.0454554557800293,0.0006339364720244418,0.0460665225982666,0.00036873880622408057,0.04667210578918457,0.00020675278797603277,0.04727649688720703,0.0001073462764863915,0.04788064956665039,5.636248220687905e-05,0.04848456382751465,3.203126899265448e-05,0.04910159111022949,1.8704525297035056e-05,0.0497126579284668,1.1291026790755177e-05,0.05031919479370117,8.046899664801244e-06,0.05093240737915039,6.335650312901081e-06,0.05154156684875488,4.919441233751113e-06,0.05214977264404297,3.5119785744216166e-06,0.05276775360107422,2.3421091817761665e-06,0.05338549613952637,1.6008714760954776e-06,0.053998470306396484,1.0096614747285092e-06,0.054615020751953125,6.328338653386611e-07,0.05522942543029785,4.075619502334247e-07,0.05588793754577637
1,-8,104874,0.0021397592282099546,0.04801654815673828,0.0011514175806622065,0.048638105392456055,0.0006374581608663868,0.04922318458557129,0.00036746683852758785,0.04982805252075195,0.00021907955432250061,0.05043220520019531,0.0001273598088591246,0.05103135108947754,7.200863059540243e-05,0.05163216590881348,3.904323127221752e-05,0.05223560333251953,2.1804223632741608e-05,0.05284261703491211,1.2287384690671685e-05,0.05344557762145996,7.938240878031442e-06,0.05404829978942871,5.761841670188983e-06,0.05465221405029297,4.204470400795551e-06,0.05525636672973633,3.1203874158942605e-06,0.0558624267578125,2.216524566737129e-06,0.056473731994628906,1.6277630670034869e-06,0.057086944580078125,1.1506867802123693e-06,0.057695627212524414,7.96504411930231e-07,0.0583033561706543,5.56761466585967e-07,0.05895519256591797
1,-6,104540,0.0022959573797503795,0.05825042724609375,0.0012267515157314334,0.058913469314575195,0.0006946620283787206,0.059572458267211914,0.00039648563654990623,0.06021404266357422,0.00022796315755362477,0.06081891059875488,0.00012362953966109496,0.0614316463470459,6.832974784111758e-05,0.062036991119384766,3.825962324925138e-05,0.06265091896057129,2.2238810952000603e-05,0.06326913833618164,1.3184459736168556e-05,0.06388282775878906,8.356818415530774e-06,0.06449389457702637,6.179560360611638e-06,0.06511163711547852,4.95996568953208e-06,0.06572604179382324,3.950994543108122e-06,0.06637024879455566,2.9969664799127935e-06,0.06700420379638672,2.2608421236680198e-06,0.0676422119140625,1.6164549638964886e-06,0.06827354431152344,1.0284458844076873e-06,0.0689094066619873,6.373012522761157e-07,0.06955528259277344,4.229712721938768e-07,0.07024407386779785
1,-4,104481,0.002235149825841581,0.04719829559326172,0.0012044096626929565,0.04785728454589844,0.0006461806264318833,0.048485755920410156,0.0003542304599814607,0.04911088943481445,0.00019112372567145106,0.04973316192626953,0.00010601013103654745,0.050353050231933594,5.665989541607371e-05,0.050983428955078125,3.1559493012628186e-05,0.05161309242248535,1.7732687037274784e-05,0.05223989486694336,1.0837474058789648e-05,0.05286598205566406,7.985819666821012e-06,0.05353355407714844,6.358057711631622e-06,0.054144859313964844,4.85930092809035e-06,0.05476784706115723,3.5087507664749154e-06,0.055379629135131836,2.3770171053440584e-06,0.05599164962768555,1.5905501839721678e-06,0.05660390853881836,1.0205031918119095e-06,0.057214975357055664,6.085414144346622e-07,0.05782651901245117,4.002243280148652e-07,0.058481693267822266
1,-2,96948,0.0018851889788148218,0.041571617126464844,0.0008230230862455528,0.04222846031188965,0.0004284788224968387,0.04284548759460449,0.00020322816839476733,0.04345989227294922,9.255946635002001e-05,0.04408526420593262,5.052648773150518e-05,0.044706106185913086,3.2222880992457294e-05,0.04532289505004883,2.0324115871569674e-05,0.04593849182128906,1.2857545966305762e-05,0.04655289649963379,7.441696169048896e-06,0.04716634750366211,3.5629430795417118e-06,0.04778861999511719,1.587898541453971e-06,0.04840731620788574,7.945364928137968e-07,0.04902338981628418,4.350673925440562e-07,0.0496830940246582
1,0,9449,0.0019699865416514554,0.017187833786010742,0.001108303806571269,0.017619609832763672,0.0007899484912179674,0.018038272857666016,0.000584363244300141,0.018446922302246094,0.00046180245164136686,0.018851041793823242,0.0003520049405963268,0.01925516128540039,0.00024387354308196227,0.019659996032714844,0.00016432821891454127,0.020064830780029297,0.0001191006585954819,0.020468711853027344,8.221224393693763e-05,0.020872831344604492,5.8776029696880007e-05,0.021281957626342773,4.210311803279214e-05,0.021697044372558594,2.8834016487830177e-05,0.02210831642150879,1.964987888964377e-05,0.02251887321472168,1.2400863444391994e-05,0.02293109893798828,8.137681411250411e-06,0.023341655731201172,4.982335614386502e-06,0.023752212524414062,2.8245455590356813e-06,0.02416396141052246,1.8684089484109455e-06,0.024576663970947266,1.4555211781407047e-06,0.025376081466674805,1.3001561750496152e-06,0.025787353515625,1.1192702257809486e-06,0.026193618774414062,9.159437029440228e-07,0.026594161987304688,7.890722589125623e-07,0.026996135711669922,6.991549734787816e-07,0.027396202087402344,6.29998818375136e-07,0.027802705764770508,5.541197888396151e-07,0.02857804298400879,5.220440419291986e-07,0.02898240089416504,4.727520196684694e-07,0.029385805130004883,4.3198100947867054e-07,0.029791831970214844,3.76783177870662e-07,0.0301971435546875,3.2916743741903275e-07,0.03059864044189453,2.8229286254225e-07,0.031002521514892578,2.4784868255895415e-07,0.03140616416931152,1.7419108041732276e-07,0.03181290626525879,1.1276110774893613e-07,0.03225350379943848
1,2,9449,0.0019699865416514554,0.017163991928100586,0.001108303806571269,0.017613649368286133,0.0007899484912179674,0.018036842346191406,0.000584363244300141,0.018459796905517578,0.00046180245164136686,0.018879413604736328,0.0003520049405963268,0.019298553466796875,0.00024387354308196227,0.019717931747436523,0.00016432821891454127,0.020139455795288086,0.0001191006585954819,0.020558595657348633,8.221224393693763e-05,0.020979642868041992,5.8776029696880007e-05,0.021410703659057617,4.210311803279214e-05,0.02183818817138672,2.8834016487830177e-05,0.022261381149291992,1.964987888964377e-05,0.022685766220092773,1.2400863444391994e-05,0.02310919761657715,8.137681411250411e-06,0.02353501319885254,4.982335614386502e-06,0.023959875106811523,2.8245455590356813e-06,0.02438831329345703,1.8684089484109455e-06,0.024814367294311523,1.4555211781407047e-06,0.025647401809692383,1.3001561750496152e-06,0.026067733764648438,1.1192702257809486e-06,0.026484966278076172,9.159437029440228e-07,0.02690267562866211,7.890722589125623e-07,0.027319669723510742,6.991549734787816e-07,0.02773571014404297,6.29998818375136e-07,0.02817678451538086,5.541197888396151e-07,0.028944730758666992,5.220440419291986e-07,0.0293734073638916,4.727520196684694e-07,0.02977776527404785,4.3198100947867054e-07,0.030180692672729492,3.76783177870662e-07,0.030582189559936523,3.2916743741903275e-07,0.03098320960998535,2.8229286254225e-07,0.03138422966003418,2.4784868255895415e-07,0.031786203384399414,1.7419108041732276e-07,0.032189369201660156,1.1276110774893613e-07,0.032625675201416016
1,4,9449,0.0019699865416514554,0.01741957664489746,0.001108303806571269,0.01791524887084961,0.0007899484912179674,0.01841115951538086,0.000584363244300141,0.018836021423339844,0.00046180245164136686,0.019257545471191406,0.0003520049405963268,0.019687652587890625,0.00024387354308196227,0.020114421844482422,0.00016432821891454127,0.020549535751342773,0.0001191006585954819,0.02098226547241211,8.221224393693763e-05,0.021402835845947266,5.8776029696880007e-05,0.021832704544067383,4.210311803279214e-05,0.022523880004882812,2.8834016487830177e-05,0.02322101593017578,1.964987888964377e-05,0.023720979690551758,1.2400863444391994e-05,0.024298667907714844,8.137681411250411e-06,0.024791717529296875,4.982335614386502e-06,0.025267601013183594,2.8245455590356813e-06,0.025745630264282227,1.8684089484109455e-06,0.02637958526611328,1.4555211781407047e-06,0.030025243759155273,1.3001561750496152e-06,0.03053569793701172,1.1192702257809486e-06,0.03094625473022461,9.159437029440228e-07,0.03130483627319336,7.890722589125623e-07,0.03166389465332031,6.991549734787816e-07,0.03206658363342285,6.29998818375136e-07,0.03248238563537598,5.541197888396151e-07,0.03348374366760254,5.220440419291986e-07,0.03535580635070801,4.727520196684694e-07,0.03786325454711914,4.3198100947867054e-07,0.04096364974975586,3.76783177870662e-07,0.04449582099914551,3.2916743741903275e-07,0.04583859443664551,2.8229286254225e-07,0.047339677810668945,2.4784868255895415e-07,0.048252105712890625,1.7419108041732276e-07,0.04907679557800293,1.1276110774893613e-07,0.05042290687561035
2,-12,206216,0.0024035796486653583,0.07541322708129883,0.001099186305964289,0.07618212699890137,0.0005572385093113891,0.07695937156677246,0.0002807885752424955,0.07768678665161133,0.00014621139993248872,0.07840919494628906,8.336586252747777e-05,0.07913494110107422,4.3882759195923e-05,0.07985949516296387,2.3369617595373344e-05,0.08059167861938477,1.5282761277120532e-05,0.08134317398071289,1.0247234970590735e-05,0.08209848403930664,6.921167065038754e-06,0.08284497261047363,4.738949599554322e-06,0.08361649513244629,3.2180486497024488e-06,0.08439874649047852,2.0713697974718306e-06,0.08514523506164551,1.237651978992347e-06,0.08588314056396484,7.441389210412672e-07,0.08661890029907227,4.6282651685289773e-07,0.08743405342102051
2,-10,206223,0.0023552283287237284,0.06058621406555176,0.0010794705189955693,0.06140565872192383,0.0005575918073788858,0.06217646598815918,0.0002807653438349568,0.06295442581176758,0.00014476477274695998,0.0636904239654541,7.62909507925979e-05,0.06444168090820312,4.055270271717114e-05,0.0652322769165039,2.1306649113571795e-05,0.06600499153137207,1.2040316237201388e-05,0.06677460670471191,6.79109335931643e-06,0.06753373146057129,4.002690739292146e-06,0.0682981014251709,2.5680177992262723e-06,0.06907057762145996,1.784816101838177e-06,0.06983828544616699,1.3441249275659492e-06,0.0706014633178711,9.523195279751081e-07,0.07136940956115723,6.681150245983024e-07,0.07213973999023438,4.063412697623558e-07,0.07298970222473145
2,-8,206123,0.0024767155254490475,0.07063889503479004,0.0011205582520661828,0.07169461250305176,0.000597027836296811,0.07265830039978027,0.00030486735255037166,0.0736234188079834,0.0001515427998362074,0.07456612586975098,7.69404165243174e-05,0.07699298858642578,4.0946233768511626e-05,0.08191275596618652,2.2082648522032093e-05,0.08557319641113281,1.180022599524732e-05,0.08684277534484863,6.247051382253552e-06,0.08907270431518555,3.767142230694638e-06,0.09386968612670898,2.426318429323707e-06,0.09540319442749023,1.6956907371868238e-06,0.09667277336120605,1.3252109497585843e-06,0.09809255599975586,1.069951392256232e-06,0.09946632385253906,8.209369938591708e-07,0.10463428497314453,5.421841244562732e-07,0.10961461067199707
2,-6,206087,0.0023772494504033367,0.14042043685913086,0.0010352459470599172,0.14666962623596191,0.000519647597052313,0.14903545379638672,0.00028015328126504234,0.15113425254821777,0.00014806719769249664,0.1566462516784668,7.965264412757562e-05,0.1646277904510498,4.0917049524185305e-05,0.16823291778564453,2.165745894701776e-05,0.1727907657623291,1.3171097336606922e-05,0.17472243309020996,8.07635726549826e-06,0.179701566696167,5.2312739306424e-06,0.18734335899353027,3.6360729526843166e-06,0.19341516494750977,2.6739994725424195e-06,0.19754719734191895,1.9385223437335517e-06,0.20122289657592773,1.2877495914654967e-06,0.20317292213439941,7.614542250485424e-07,0.20521855354309082,3.834436643547147e-07,0.21371054649353027
2,-4,206039,0.002400543794527054,0.10089302062988281,0.0010444708198531231,0.10164928436279297,0.0005137391483151552,0.10236930847167969,0.00025813601191293587,0.10305356979370117,0.0001310234618621789,0.10373210906982422,6.868587430851001e-05,0.10442090034484863,3.408568014305539e-05,0.10511326789855957,1.6630705191874047e-05,0.10581779479980469,9.447886968718419e-06,0.10650157928466797,5.852711815234691e-06,0.10718917846679688,3.936408807430956e-06,0.10787153244018555,2.6899595855850214e-06,0.10856366157531738,1.8592215721198607e-06,0.10922884941101074,1.0285967555912684e-06,0.1098935604095459,5.240282648464067e-07,0.1105954647064209
2,-2,123168,0.0015228281920897189,0.042105913162231445,0.00030777576920592686,0.04343056678771973,0.00010503792190500433,0.04459571838378906,4.486907332315478e-05,0.045685768127441406,8.578674837123756e-06,0.04680585861206055,1.8295631737037147e-06,0.04793214797973633,3.0341916235111467e-07,0.04907679557800293
2,0,9449,0.0019699865416514554,0.02678656578063965,0.001108303806571269,0.028027057647705078,0.0007899484912179674,0.02889275550842285,0.000584363244300141,0.029448270797729492,0.00046180245164136686,0.02994227409362793,0.0003520049405963268,0.030410051345825195,0.00024387354308196227,0.030872821807861328,0.00016432821891454127,0.03133273124694824,0.0001191006585954819,0.03180408477783203,8.221224393693763e-05,0.03236794471740723,5.8776029696880007e-05,0.03280329704284668,4.210311803279214e-05,0.03322434425354004,2.8834016487830177e-05,0.0336451530456543,1.964987888964377e-05,0.03404378890991211,1.2400863444391994e-05,0.03444266319274902,8.137681411250411e-06,0.03484034538269043,4.982335614386502e-06,0.035239219665527344,2.8245455590356813e-06,0.03563857078552246,1.8684089484109455e-06,0.03605246543884277,1.4555211781407047e-06,0.03686881065368652,1.3001561750496152e-06,0.0372622013092041,1.1192702257809486e-06,0.03765225410461426,9.159437029440228e-07,0.0380401611328125,7.890722589125623e-07,0.03842806816101074,6.991549734787816e-07,0.03881716728210449,6.29998818375136e-07,0.03920578956604004,5.541197888396151e-07,0.039965152740478516,5.220440419291986e-07,0.04035830497741699,4.727520196684694e-07,0.04074549674987793,4.3198100947867054e-07,0.04113316535949707,3.76783177870662e-07,0.04154515266418457,3.2916743741903275e-07,0.0419619083404541,2.8229286254225e-07,0.042409658432006836,2.4784868255895415e-07,0.04282999038696289,1.7419108041732276e-07,0.04324817657470703,1.1276110774893613e-07,0.04369997978210449
2,2,9449,0.0019699865416514554,0.017134904861450195,0.001108303806571269,0.01761317253112793,0.0007899484912179674,0.01804494857788086,0.000584363244300141,0.01845097541809082,0.00046180245164136686,0.01885509490966797,0.0003520049405963268,0.019259214401245117,0.00024387354308196227,0.01968097686767578,0.00016432821891454127,0.020112276077270508,0.0001191006585954819,0.02053356170654297,8.221224393693763e-05,0.02095818519592285,5.8776029696880007e-05,0.021369457244873047,4.210311803279214e-05,0.021780729293823242,2.8834016487830177e-05,0.02218937873840332,1.964987888964377e-05,0.0225985050201416,1.2400863444391994e-05,0.023009300231933594,8.137681411250411e-06,0.023419857025146484,4.982335614386502e-06,0.023837566375732422,2.8245455590356813e-06,0.02425217628479004,1.8684089484109455e-06,0.024667978286743164,1.4555211781407047e-06,0.025466203689575195,1.3001561750496152e-06,0.025870561599731445,1.1192702257809486e-06,0.026274442672729492,9.159437029440228e-07,0.026692867279052734,7.890722589125623e-07,0.02710890769958496,6.991549734787816e-07,0.027524471282958984,6.29998818375136e-07,0.027953147888183594,5.541197888396151e-07,0.028731822967529297,5.220440419291986e-07,0.029134035110473633,4.727520196684694e-07,0.029535770416259766,4.3198100947867054e-07,0.029935359954833984,3.76783177870662e-07,0.03033590316772461,3.2916743741903275e-07,0.030736207962036133,2.8229286254225e-07,0.03113865852355957,2.4784868255895415e-07,0.03154158592224121,1.7419108041732276e-07,0.03198075294494629,1.1276110774893613e-07,0.032434701919555664
2,4,9449,0.0019699865416514554,0.02082228660583496,0.001108303806571269,0.021254539489746094,0.0007899484912179674,0.021651744842529297,0.000584363244300141,0.022047042846679688,0.00046180245164136686,0.02243828773498535,0.0003520049405963268,0.022873878479003906,0.00024387354308196227,0.023328781127929688,0.00016432821891454127,0.02378082275390625,0.0001191006585954819,0.025156259536743164,8.221224393693763e-05,0.027160167694091797,5.8776029696880007e-05,0.029719114303588867,4.210311803279214e-05,0.03233599662780762,2.8834016487830177e-05,0.03403282165527344,1.964987888964377e-05,0.03460693359375,1.2400863444391994e-05,0.03524065017700195,8.137681411250411e-06,0.03621792793273926,4.982335614386502e-06,0.037188053131103516,2.8245455590356813e-06,0.03794407844543457,1.8684089484109455e-06,0.0386204719543457,1.4555211781407047e-06,0.04128909111022949,1.3001561750496152e-06,0.04229545593261719,1.1192702257809486e-06,0.04292106628417969,9.159437029440228e-07,0.04350161552429199,7.890722589125623e-07,0.04405713081359863,6.991549734787816e-07,0.0446014404296875,6.29998818375136e-07,0.04510760307312012,5.541197888396151e-07,0.04621267318725586,5.220440419291986e-07,0.04670095443725586,4.727520196684694e-07,0.047203779220581055,4.3198100947867054e-07,0.04773569107055664,3.76783177870662e-07,0.049042701721191406,3.2916743741903275e-07,0.050798892974853516,2.8229286254225e-07,0.05371832847595215,2.4784868255895415e-07,0.05638289451599121,1.7419108041732276e-07,0.05808281898498535,1.1276110774893613e-07,0.05883073806762695
3,-12,307488,0.0022841449359288575,0.09328222274780273,0.0009763695415988409,0.09896445274353027,0.0004861674349300447,0.10411977767944336,0.00026391851746559135,0.10575723648071289,0.00013824474191076341,0.1077268123626709,8.316020282285687e-05,0.11129641532897949,4.4811976155082956e-05,0.11389780044555664,2.510073358603051e-05,0.11573982238769531,1.5739974179775317e-05,0.11725926399230957,1.1244016797286024e-05,0.11873912811279297,7.4384714994234225e-06,0.12008118629455566,4.146197044347621e-06,0.12133646011352539,2.6035168310202592e-06,0.12256765365600586,1.583663126421054e-06,0.12378692626953125,9.310388648778364e-07,0.1249399185180664,6.616031052008748e-07,0.12632131576538086
3,-10,307456,0.0023081775911675106,0.07059407234191895,0.0009692185370084661,0.07182812690734863,0.0005160704098786054,0.07288169860839844,0.0002750627673845078,0.07388472557067871,0.00013905229326330608,0.07484245300292969,7.77299212299387e-05,0.07577776908874512,4.039712426083616e-05,0.07671451568603516,2.1367384520360835e-05,0.07764101028442383,1.3756588229090471e-05,0.07856583595275879,9.651293016571449e-06,0.07971930503845215,6.071239896789822e-06,0.08075308799743652,3.7472403144662847e-06,0.08174514770507812,2.1877622328749696e-06,0.08269238471984863,1.2444978731833586e-06,0.08367109298706055,7.015057350628316e-07,0.08473920822143555
3,-8,307496,0.0023030509349110427,0.07551741600036621,0.0009288707094067718,0.07663798332214355,0.0004566286121956007,0.07759976387023926,0.0002308687192210209,0.07854795455932617,0.00012647356640847066,0.07946443557739258,6.788646990975615e-05,0.08044099807739258,3.634618385205167e-05,0.08147001266479492,1.836553121478002e-05,0.08275866508483887,9.962504108408612e-06,0.08388018608093262,6.071087910630562e-06,0.08502578735351562,3.988968792560911e-06,0.0861053466796875,2.4488291321289175e-06,0.0871124267578125,1.605278946631329e-06,0.08809256553649902,1.0367907833850145e-06,0.08904123306274414,6.277226020238653e-07,0.09010624885559082
3,-6,307644,0.002239735277428087,0.0824129581451416,0.0009657555738271715,0.08344769477844238,0.0004817192619786791,0.08439064025878906,0.00025517034117653715,0.0853426456451416,0.00014101347487809003,0.08626794815063477,8.24938511281368e-05,0.08719730377197266,4.771541672670331e-05,0.08812260627746582,2.5415492404173205e-05,0.08904433250427246,1.3420634630460683e-05,0.09000301361083984,6.6343141245982926e-06,0.09093236923217773,4.2751546558627536e-06,0.09186625480651855,2.824614756287548e-06,0.09279894828796387,2.0814059225688e-06,0.09373831748962402,1.4943541268254434e-06,0.09467601776123047,1.0353805634594012e-06,0.09561038017272949,6.16624079063254e-07,0.09661173820495605
3,-4,304933,0.002196238941958803,0.07213997840881348,0.0009538068427095722,0.07310318946838379,0.0004408530810878398,0.07401037216186523,0.00019557794078136408,0.07496953010559082,9.663599574139228e-05,0.07597899436950684,4.769519569197364e-05,0.08075404167175293,2.3373188456273798e-05,0.08671236038208008,1.3194347856708601e-05,0.0881044864654541,8.26291829037373e-06,0.0898733139038086,4.566101632138352e-06,0.0916604995727539,2.6006083526242188e-06,0.0946660041809082,1.4950478244999137e-06,0.09724545478820801,6.309885604467947e-07,0.09922623634338379
3,-2,123168,0.0015228281920897189,0.0538942813873291,0.00030777576920592686,0.05449080467224121,0.00010503792190500433,0.055059194564819336,4.486907332315478e-05,0.05563163757324219,8.578674837123756e-06,0.05617880821228027,1.8295631737037147e-06,0.056729793548583984,3.0341916235111467e-07,0.0573122501373291
3,0,9449,0.0019699865416514554,0.016056060791015625,0.001108303806571269,0.016476154327392578,0.0007899484912179674,0.0168912410736084,0.000584363244300141,0.017297983169555664,0.00046180245164136686,0.017702579498291016,0.0003520049405963268,0.018105268478393555,0.00024387354308196227,0.018518924713134766,0.00016432821891454127,0.018927812576293945,0.0001191006585954819,0.019333362579345703,8.221224393693763e-05,0.019737958908081055,5.8776029696880007e-05,0.02014756202697754,4.210311803279214e-05,0.020557880401611328,2.8834016487830177e-05,0.02096700668334961,1.964987888964377e-05,0.021375656127929688,1.2400863444391994e-05,0.021784543991088867,8.137681411250411e-06,0.02219533920288086,4.982335614386502e-06,0.02260732650756836,2.8245455590356813e-06,0.023024797439575195,1.8684089484109455e-06,0.023441791534423828,1.4555211781407047e-06,0.02424311637878418,1.3001561750496152e-06,0.02464771270751953,1.1192702257809486e-06,0.02504730224609375,9.159437029440228e-07,0.025448083877563477,7.890722589125623e-07,0.0258486270904541,6.991549734787816e-07,0.02624821662902832,6.29998818375136e-07,0.026650428771972656,5.541197888396151e-07,0.027477025985717773,5.220440419291986e-07,0.027898311614990234,4.727520196684694e-07,0.028313875198364258,4.3198100947867054e-07,0.02873063087463379,3.76783177870662e-07,0.029154539108276367,3.2916743741903275e-07,0.029573678970336914,2.8229286254225e-07,0.02999091148376465,2.4784868255895415e-07,0.030408382415771484,1.7419108041732276e-07,0.03082585334777832,1.1276110774893613e-07,0.03128314018249512
3,2,9449,0.0019699865416514554,0.017783641815185547,0.001108303806571269,0.018325328826904297,0.0007899484912179674,0.01877760887145996,0.000584363244300141,0.019205093383789062,0.00046180245164136686,0.019647598266601562,0.0003520049405963268,0.02007293701171875,0.00024387354308196227,0.020499467849731445,0.00016432821891454127,0.02092123031616211,0.0001191006585954819,0.021339893341064453,8.221224393693763e-05,0.021761655807495117,5.8776029696880007e-05,0.02220606803894043,4.210311803279214e-05,0.02268195152282715,2.8834016487830177e-05,0.023128032684326172,1.964987888964377e-05,0.02357769012451172,1.2400863444391994e-05,0.02401280403137207,8.137681411250411e-06,0.02444291114807129,4.982335614386502e-06,0.024871826171875,2.8245455590356813e-06,0.025299787521362305,1.8684089484109455e-06,0.025801420211791992,1.4555211781407047e-06,0.026736021041870117,1.3001561750496152e-06,0.027171611785888672,1.1192702257809486e-06,0.027621984481811523,9.159437029440228e-07,0.0280454158782959,7.890722589125623e-07,0.02846503257751465,6.991549734787816e-07,0.02888202667236328,6.29998818375136e-07,0.029300928115844727,5.541197888396151e-07,0.030113697052001953,5.220440419291986e-07,0.030533790588378906,4.727520196684694e-07,0.03095221519470215,4.3198100947867054e-07,0.03137373924255371,3.76783177870662e-07,0.031792640686035156,3.2916743741903275e-07,0.032209157943725586,2.8229286254225e-07,0.03262805938720703,2.4784868255895415e-07,0.03304576873779297,1.7419108041732276e-07,0.03346395492553711,1.1276110774893613e-07,0.03401589393615723
3,4,9449,0.0019699865416514554,0.017658710479736328,0.001108303806571269,0.01813530921936035,0.0007899484912179674,0.01857280731201172,0.000584363244300141,0.018997669219970703,0.00046180245164136686,0.019418716430664062,0.0003520049405963268,0.019837617874145508,0.00024387354308196227,0.020274877548217773,0.00016432821891454127,0.020725488662719727,0.0001191006585954819,0.021178007125854492,8.221224393693763e-05,0.021609067916870117,5.8776029696880007e-05,0.022038936614990234,4.210311803279214e-05,0.022465229034423828,2.8834016487830177e-05,0.022890806198120117,1.964987888964377e-05,0.02338552474975586,1.2400863444391994e-05,0.023884296417236328,8.137681411250411e-06,0.02433943748474121,4.982335614386502e-06,0.02477431297302246,2.8245455590356813e-06,0.025221824645996094,1.8684089484109455e-06,0.02565622329711914,1.4555211781407047e-06,0.026500463485717773,1.3001561750496152e-06,0.02692127227783203,1.1192702257809486e-06,0.027339458465576172,9.159437029440228e-07,0.027757644653320312,7.890722589125623e-07,0.028174877166748047,6.991549734787816e-07,0.028592586517333984,6.29998818375136e-07,0.02901744842529297,5.541197888396151e-07,0.029830217361450195,5.220440419291986e-07,0.030250072479248047,4.727520196684694e-07,0.030667543411254883,4.3198100947867054e-07,0.031085729598999023,3.76783177870662e-07,0.03157997131347656,3.2916743741903275e-07,0.03203296661376953,2.8229286254225e-07,0.032462120056152344,2.4784868255895415e-07,0.03288769721984863,1.7419108041732276e-07,0.033324480056762695,1.1276110774893613e-07,0.03378939628601074
4,-12,408944,0.0020150987193753027,0.09731078147888184,0.000867752672671907,0.09859132766723633,0.0004206925454387393,0.09977316856384277,0.0001992290392070352,0.10092973709106445,0.00010067614451351838,0.10225629806518555,5.106921080939094e-05,0.10346865653991699,2.4155250454944478e-05,0.10477495193481445,1.21438957996074e-05,0.10598969459533691,7.002502837764108e-06,0.10718297958374023,4.446696221373755e-06,0.10835790634155273,2.5408316250324373e-06,0.10962510108947754,1.287913190040558e-06,0.11078858375549316,6.399924489901999e-07,0.11197757720947266
4,-10,409045,0.002031697347416462,0.08253741264343262,0.000811075789243178,0.08372068405151367,0.00038889506020507557,0.08488631248474121,0.0001940310759234736,0.08622932434082031,0.0001030862663224539,0.08739852905273438,4.9373600900118065e-05,0.08847522735595703,2.232555584138154e-05,0.08959245681762695,1.1438460069294245e-05,0.09067583084106445,6.518265862135529e-06,0.0918724536895752,4.0848789678709854e-06,0.09303522109985352,2.592695958611259e-06,0.0941619873046875,1.5591117351113564e-06,0.09528017044067383,9.398937889406195e-07,0.0963585376739502,4.2624278587065196e-07,0.09747838973999023
4,-8,409247,0.002071174988305484,0.08194160461425781,0.0008101412808831421,0.08305525779724121,0.00037813010780640997,0.08414721488952637,0.0001891285728215873,0.08524012565612793,0.00010781288908452789,0.08632111549377441,5.835240667077701e-05,0.08741641044616699,2.752342251046797e-05,0.08862042427062988,1.1833524645677195e-05,0.09017181396484375,5.369401098231636e-06,0.09156298637390137,2.9149171415944376e-06,0.09279489517211914,1.9246050534639557e-06,0.0940241813659668,1.3765301668170361e-06,0.09532713890075684,9.854518374610138e-07,0.09678173065185547,6.459111019652812e-07,0.10091042518615723
4,-6,409197,0.0019757337386983277,0.10793828964233398,0.0008520969497071327,0.10936093330383301,0.00039219709530923305,0.11085271835327148,0.0001878319209061127,0.11203789710998535,8.953746518000746e-05,0.11316847801208496,4.391759171567306e-05,0.11428022384643555,1.9584142322478602e-05,0.11536383628845215,9.006240298641342e-06,0.11645269393920898,4.125365107525883e-06,0.11753058433532715,2.5454433097475507e-06,0.11879372596740723,1.7694073962367801e-06,0.11996173858642578,1.2732587317816687e-06,0.1210932731628418,8.590911812771687e-07,0.12220239639282227,5.62207279075859e-07,0.1233365535736084
4,-4,403307,0.0018843127734803386,0.09634566307067871,0.0007554246301362666,0.0993647575378418,0.00034001542563205514,0.10232877731323242,0.00017146615028345324,0.10477590560913086,8.075442314841611e-05,0.10693359375,3.392907372338555e-05,0.1085362434387207,1.630279173443371e-05,0.1100168228149414,8.550783218864406e-06,0.11143994331359863,4.570400725224079e-06,0.11285281181335449,2.4586729692005786e-06,0.11417484283447266,1.2937771404530136e-06,0.11547517776489258,6.212054506603301e-07,0.11678004264831543
4,-2,123168,0.0015228281920897189,0.04136919975280762,0.00030777576920592686,0.04200243949890137,0.00010503792190500433,0.042615652084350586,4.486907332315478e-05,0.04322171211242676,8.578674837123756e-06,0.043854713439941406,1.8295631737037147e-06,0.044475555419921875,3.0341916235111467e-07,0.0451350212097168
4,0,9449,0.0019699865416514554,0.017432212829589844,0.001108303806571269,0.01788020133972168,0.0007899484912179674,0.018303632736206055,0.000584363244300141,0.018726348876953125,0.00046180245164136686,0.019145727157592773,0.0003520049405963268,0.019563913345336914,0.00024387354308196227,0.019982576370239258,0.00016432821891454127,0.02041029930114746,0.0001191006585954819,0.02086472511291504,8.221224393693763e-05,0.02138352394104004,5.8776029696880007e-05,0.021845579147338867,4.210311803279214e-05,0.022350549697875977,2.8834016487830177e-05,0.022829771041870117,1.964987888964377e-05,0.023311614990234375,1.2400863444391994e-05,0.023838281631469727,8.137681411250411e-06,0.024288654327392578,4.982335614386502e-06,0.024714946746826172,2.8245455590356813e-06,0.025144100189208984,1.8684089484109455e-06,0.025565624237060547,1.4555211781407047e-06,0.026383399963378906,1.3001561750496152e-06,0.026790142059326172,1.1192702257809486e-06,0.027193069458007812,9.159437029440228e-07,0.027596473693847656,7.890722589125623e-07,0.02799820899963379,6.991549734787816e-07,0.02843451499938965,6.29998818375136e-07,0.028851985931396484,5.541197888396151e-07,0.029676437377929688,5.220440419291986e-07,0.03009819984436035,4.727520196684694e-07,0.03051447868347168,4.3198100947867054e-07,0.03093099594116211,3.76783177870662e-07,0.03137612342834473,3.2916743741903275e-07,0.03187704086303711,2.8229286254225e-07,0.03232145309448242,2.4784868255895415e-07,0.032752037048339844,1.7419108041732276e-07,0.0331883430480957,1.1276110774893613e-07,0.033655643463134766
4,2,9449,0.0019699865416514554,0.01839756965637207,0.001108303806571269,0.018854141235351562,0.0007899484912179674,0.01930093765258789,0.000584363244300141,0.019742965698242188,0.00046180245164136686,0.020177602767944336,0.0003520049405963268,0.020609378814697266,0.00024387354308196227,0.02107095718383789,0.00016432821891454127,0.02165508270263672,0.0001191006585954819,0.02215886116027832,8.221224393693763e-05,0.02264547348022461,5.8776029696880007e-05,0.023138046264648438,4.210311803279214e-05,0.023578405380249023,2.8834016487830177e-05,0.024007558822631836,1.964987888964377e-05,0.024435758590698242,1.2400863444391994e-05,0.024864673614501953,8.137681411250411e-06,0.025293350219726562,4.982335614386502e-06,0.02572345733642578,2.8245455590356813e-06,0.026152372360229492,1.8684089484109455e-06,0.02658224105834961,1.4555211781407047e-06,0.027428865432739258,1.3001561750496152e-06,0.027858495712280273,1.1192702257809486e-06,0.028280258178710938,9.159437029440228e-07,0.028696775436401367,7.890722589125623e-07,0.029113054275512695,6.991549734787816e-07,0.029610395431518555,6.29998818375136e-07,0.030380725860595703,5.541197888396151e-07,0.03138232231140137,5.220440419291986e-07,0.031836509704589844,4.727520196684694e-07,0.03226161003112793,4.3198100947867054e-07,0.032683610916137695,3.76783177870662e-07,0.033104896545410156,3.2916743741903275e-07,0.0335237979888916,2.8229286254225e-07,0.03394508361816406,2.4784868255895415e-07,0.03436422348022461,1.7419108041732276e-07,0.034784555435180664,1.1276110774893613e-07,0.03525400161743164
4,4,9449,0.0019699865416514554,0.02729010581970215,0.001108303806571269,0.029446840286254883,0.0007899484912179674,0.0306551456451416,0.000584363244300141,0.031874895095825195,0.00046180245164136686,0.0332646369934082,0.0003520049405963268,0.03487586975097656,0.00024387354308196227,0.03875160217285156,0.00016432821891454127,0.04125356674194336,0.0001191006585954819,0.042342185974121094,8.221224393693763e-05,0.04353833198547363,5.8776029696880007e-05,0.044655799865722656,4.210311803279214e-05,0.04880881309509277,2.8834016487830177e-05,0.05386090278625488,1.964987888964377e-05,0.05646657943725586,1.2400863444391994e-05,0.05782175064086914,8.137681411250411e-06,0.059450626373291016,4.982335614386502e-06,0.060314178466796875,2.8245455590356813e-06,0.06128215789794922,1.8684089484109455e-06,0.06248784065246582,1.4555211781407047e-06,0.07038998603820801,1.3001561750496152e-06,0.07205724716186523,1.1192702257809486e-06,0.07659792900085449,9.159437029440228e-07,0.08166122436523438,7.890722589125623e-07,0.08541512489318848,6.991549734787816e-07,0.08773398399353027,6.29998818375136e-07,0.08895611763000488,5.541197888396151e-07,0.09342765808105469,5.220440419291986e-07,0.09645676612854004,4.727520196684694e-07,0.09812712669372559,4.3198100947867054e-07,0.0992739200592041,3.76783177870662e-07,0.10019469261169434,3.2916743741903275e-07,0.10129165649414062,2.8229286254225e-07,0.10278725624084473,2.4784868255895415e-07,0.10447192192077637,1.7419108041732276e-07,0.10903000831604004,1.1276110774893613e-07,0.11468029022216797
5,-12,510970,0.0019170120555480703,0.2683100700378418,0.0007320682185189894,0.2696421146392822,0.0003551215900384822,0.2708873748779297,0.00016899552878134246,0.27210330963134766,8.387642319535653e-05,0.27332472801208496,3.6195897857165205e-05,0.27457594871520996,1.5182581760326329e-05,0.2758193016052246,7.882559921541256e-06,0.277022123336792,5.152294777814519e-06,0.2781970500946045,2.978816120843268e-06,0.27935218811035156,1.5544811677563459e-06,0.28054285049438477,8.541191108953167e-07,0.2816762924194336,4.4469604209101977e-07,0.2828524112701416
5,-10,510956,0.00191964555983697,0.09091305732727051,0.0007331908273691024,0.09223389625549316,0.0003550036119433618,0.09352326393127441,0.00016884749875574717,0.09477090835571289,8.366716396778992e-05,0.0959925651550293,3.599268795198602e-05,0.09722089767456055,1.5266205884192178e-05,0.09843826293945312,7.952113298345716e-06,0.09977889060974121,5.619778300145615e-06,0.10106873512268066,3.5267567676137883e-06,0.10234379768371582,1.9242743639630835e-06,0.10403108596801758,1.1499378580675768e-06,0.10535693168640137,6.799063520820839e-07,0.10669612884521484
5,-8,510483,0.001921208672426693,0.18207645416259766,0.0007560446034188034,0.18945050239562988,0.00037399141930238714,0.20351862907409668,0.00018256558666543423,0.2094113826751709,9.478814948369612e-05,0.21377992630004883,4.12051660645611e-05,0.217254638671875,1.714411199744349e-05,0.22616815567016602,7.760755337237746e-06,0.23789715766906738,4.608368279650691e-06,0.24515557289123535,3.1935999791347043e-06,0.25211119651794434,1.5367710452516653e-06,0.26140904426574707,8.38222041889923e-07,0.2721428871154785,4.2931319150529005e-07,0.275862455368042
5,-6,510751,0.0018702579852370414,0.1690218448638916,0.0007105250032130397,0.17100930213928223,0.00036665011579975585,0.1727921962738037,0.00016284677500258074,0.17702269554138184,7.343296823515195e-05,0.17877626419067383,2.941594409726571e-05,0.1824336051940918,1.6018231134669494e-05,0.19060921669006348,9.242348351042001e-06,0.19384312629699707,5.64333485838027e-06,0.19666719436645508,3.2735386020207702e-06,0.20106840133666992,1.4589287514913847e-06,0.2075204849243164,7.355584404597253e-07,0.22101783752441406,4.3003988832663297e-07,0.22422361373901367,2.1847381101443644e-07,0.22663235664367676,1.194429639001027e-07,0.234053373336792
5,-4,502337,0.0013781033771190143,0.25119924545288086,0.0005513844447061623,0.2613797187805176,0.0002722054470731273,0.27328062057495117,0.00012038795779236164,0.2801673412322998,3.861903162689435e-05,0.28827857971191406,1.811596432533971e-05,0.30167698860168457,9.792223501148352e-06,0.3079674243927002,4.4899007966104295e-06,0.3192007541656494,2.4272387356283627e-06,0.3243286609649658,1.336102333754453e-06,0.33038926124572754,7.336094836206746e-07,0.33953142166137695
5,-2,123168,0.0015228281920897189,0.08028984069824219,0.00030777576920592686,0.08092689514160156,0.00010503792190500433,0.08153223991394043,4.486907332315478e-05,0.08213543891906738,8.578674837123756e-06,0.08277344703674316,1.8295631737037147e-06,0.08341860771179199,3.0341916235111467e-07,0.08408427238464355
5,0,9449,0.0019699865416514554,0.019441843032836914,0.001108303806571269,0.020041227340698242,0.0007899484912179674,0.020540237426757812,0.000584363244300141,0.021034717559814453,0.00046180245164136686,0.021585941314697266,0.0003520049405963268,0.022114992141723633,0.00024387354308196227,0.022892475128173828,0.00016432821891454127,0.023781538009643555,0.0001191006585954819,0.025146484375,8.221224393693763e-05,0.028289318084716797,5.8776029696880007e-05,0.028960466384887695,4.210311803279214e-05,0.029494285583496094,2.8834016487830177e-05,0.030020475387573242,1.964987888964377e-05,0.0305023193359375,1.2400863444391994e-05,0.03098130226135254,8.137681411250411e-06,0.03232169151306152,4.982335614386502e-06,0.034397125244140625,2.8245455590356813e-06,0.037276268005371094,1.8684089484109455e-06,0.041231632232666016,1.4555211781407047e-06,0.043308258056640625,1.3001561750496152e-06,0.0444493293762207,1.1192702257809486e-06,0.045377492904663086,9.159437029440228e-07,0.04641127586364746,7.890722589125623e-07,0.04751133918762207,6.991549734787816e-07,0.0484623908996582,6.29998818375136e-07,0.04973864555358887,5.541197888396151e-07,0.05599069595336914,5.220440419291986e-07,0.057402849197387695,4.727520196684694e-07,0.06007647514343262,4.3198100947867054e-07,0.06267213821411133,3.76783177870662e-07,0.06520557403564453,3.2916743741903275e-07,0.06671714782714844,2.8229286254225e-07,0.06788897514343262,2.4784868255895415e-07,0.06917071342468262,1.7419108041732276e-07,0.07249808311462402,1.1276110774893613e-07,0.07672905921936035
5,2,9449,0.0019699865416514554,0.05565834045410156,0.001108303806571269,0.05973458290100098,0.0007899484912179674,0.06249666213989258,0.000584363244300141,0.06354117393493652,0.00046180245164136686,0.06491971015930176,0.0003520049405963268,0.06580591201782227,0.00024387354308196227,0.06691145896911621,0.00016432821891454127,0.0678720474243164,0.0001191006585954819,0.06937813758850098,8.221224393693763e-05,0.07433962821960449,5.8776029696880007e-05,0.0798943042755127,4.210311803279214e-05,0.08630704879760742,2.8834016487830177e-05,0.08882665634155273,1.964987888964377e-05,0.09095954895019531,1.2400863444391994e-05,0.09223079681396484,8.137681411250411e-06,0.09467267990112305,4.982335614386502e-06,0.09624791145324707,2.8245455590356813e-06,0.0996236801147461,1.8684089484109455e-06,0.10228347778320312,1.4555211781407047e-06,0.1126863956451416,1.3001561750496152e-06,0.11414146423339844,1.1192702257809486e-06,0.11501407623291016,9.159437029440228e-07,0.11626076698303223,7.890722589125623e-07,0.11879205703735352,6.991549734787816e-07,0.12046313285827637,6.29998818375136e-07,0.1214132308959961,5.541197888396151e-07,0.12680387496948242,5.220440419291986e-07,0.13164281845092773,4.727520196684694e-07,0.1361687183380127,4.3198100947867054e-07,0.1389005184173584,3.76783177870662e-07,0.1407299041748047,3.2916743741903275e-07,0.14205479621887207,2.8229286254225e-07,0.143463134765625,2.4784868255895415e-07,0.14718341827392578,1.7419108041732276e-07,0.15071654319763184,1.1276110774893613e-07,0.1529712677001953
5,4,9449,0.0019699865416514554,0.06188082695007324,0.001108303806571269,0.0627133846282959,0.0007899484912179674,0.0633389949798584,0.000584363244300141,0.06395745277404785,0.00046180245164136686,0.06455731391906738,0.0003520049405963268,0.06515669822692871,0.00024387354308196227,0.06575131416320801,0.00016432821891454127,0.06634402275085449,0.0001191006585954819,0.06693196296691895,8.221224393693763e-05,0.06752276420593262,5.8776029696880007e-05,0.06812906265258789,4.210311803279214e-05,0.06873035430908203,2.8834016487830177e-05,0.06932640075683594,1.964987888964377e-05,0.06992244720458984,1.2400863444391994e-05,0.07051873207092285,8.137681411250411e-06,0.0711209774017334,4.982335614386502e-06,0.07172560691833496,2.8245455590356813e-06,0.07230567932128906,1.8684089484109455e-06,0.07291913032531738,1.4555211781407047e-06,0.07404279708862305,1.3001561750496152e-06,0.07460665702819824,1.1192702257809486e-06,0.07516121864318848,9.159437029440228e-07,0.075714111328125,7.890722589125623e-07,0.07626008987426758,6.991549734787816e-07,0.07680249214172363,6.29998818375136e-07,0.07733941078186035,5.541197888396151e-07,0.07836437225341797,5.220440419291986e-07,0.078887939453125,4.727520196684694e-07,0.07939672470092773,4.3198100947867054e-07,0.07988619804382324,3.76783177870662e-07,0.08038640022277832,3.2916743741903275e-07,0.08087968826293945,2.8229286254225e-07,0.08133602142333984,2.4784868255895415e-07,0.08179235458374023,1.7419108041732276e-07,0.08224940299987793,1.1276110774893613e-07,0.08272171020507812
6,-12,612490,0.0012009917304220765,0.11169695854187012,0.0005703188730331001,0.11376714706420898,0.0003237449700685054,0.11574101448059082,0.0001518861326590476,0.12020587921142578,5.4136718366179637e-05,0.12190842628479004,1.7815246332464966e-05,0.12359833717346191,9.103013280134873e-06,0.12520956993103027,5.843431274653657e-06,0.13414931297302246,2.956686449154108e-06,0.1371142864227295,1.2743519164236949e-06,0.1398453712463379,5.980025598934e-07,0.14487290382385254
6,-10,612079,0.0012016112463262855,0.11672353744506836,0.0005701535008682348,0.11843633651733398,0.00032364052872786936,0.12006330490112305,0.00015188468696963783,0.12172842025756836,5.4439711947830915e-05,0.12337160110473633,1.8672439465014675e-05,0.12500882148742676,9.572054140125594e-06,0.126631498336792,6.222626466371368e-06,0.12828540802001953,3.124499874827418e-06,0.12990736961364746,1.375018434263087e-06,0.1315445899963379,6.0463070394816e-07,0.13323068618774414
6,-8,612061,0.0011788816607652794,0.2941622734069824,0.0005683161667601488,0.2966804504394531,0.0003226619014399449,0.29863715171813965,0.0001498152533181999,0.30056095123291016,5.44926882547792e-05,0.30243539810180664,1.9112374574704844e-05,0.3043389320373535,9.9478567532704e-06,0.3062262535095215,6.460686572102954e-06,0.30809473991394043,3.2057679186192067e-06,0.3100166320800781,1.3817683091102508e-06,0.3118910789489746,6.038806668739859e-07,0.3138267993927002
6,-6,612173,0.001179617370596671,0.20590710639953613,0.0005426456397970415,0.21918630599975586,0.0002758164295711868,0.23518943786621094,0.00012491931723836763,0.2440807819366455,4.8091599722815365e-05,0.2618584632873535,1.7097666280840836e-05,0.2684769630432129,8.673510475314837e-06,0.28557586669921875,5.429819316666135e-06,0.2938215732574463,2.357351501303469e-06,0.30977749824523926,1.1340820709562939e-06,0.31422948837280273,5.672416815660115e-07,0.320331335067749
6,-4,562858,2.4574640080994107e-05,0.28871917724609375,4.6896140709967595e-08,0.290865421295166
6,-2,123168,0.0015228281920897189,0.05821514129638672,0.00030777576920592686,0.06150674819946289,0.00010503792190500433,0.06377220153808594,4.486907332315478e-05,0.0651555061340332,8.578674837123756e-06,0.07011651992797852,1.8295631737037147e-06,0.0736856460571289,3.0341916235111467e-07,0.07773327827453613
6,0,9449,0.0019699865416514554,0.05663037300109863,0.001108303806571269,0.05789375305175781,0.0007899484912179674,0.06074714660644531,0.000584363244300141,0.0636587142944336,0.00046180245164136686,0.0665130615234375,0.0003520049405963268,0.07089495658874512,0.00024387354308196227,0.07413911819458008,0.00016432821891454127,0.07568120956420898,0.0001191006585954819,0.07748723030090332,8.221224393693763e-05,0.0785975456237793,5.8776029696880007e-05,0.08042359352111816,4.210311803279214e-05,0.08324623107910156,2.8834016487830177e-05,0.08640861511230469,1.964987888964377e-05,0.08984088897705078,1.2400863444391994e-05,0.09123945236206055,8.137681411250411e-06,0.09234738349914551,4.982335614386502e-06,0.09400439262390137,2.8245455590356813e-06,0.09676861763000488,1.8684089484109455e-06,0.10069489479064941,1.4555211781407047e-06,0.10468721389770508,1.3001561750496152e-06,0.10565686225891113,1.1192702257809486e-06,0.10792684555053711,9.159437029440228e-07,0.1090087890625,7.890722589125623e-07,0.10994958877563477,6.991549734787816e-07,0.11278367042541504,6.29998818375136e-07,0.11482524871826172,5.541197888396151e-07,0.11727046966552734,5.220440419291986e-07,0.12167644500732422,4.727520196684694e-07,0.12612128257751465,4.3198100947867054e-07,0.13062000274658203,3.76783177870662e-07,0.13375234603881836,3.2916743741903275e-07,0.13470840454101562,2.8229286254225e-07,0.13573694229125977,2.4784868255895415e-07,0.13687801361083984,1.7419108041732276e-07,0.13797688484191895,1.1276110774893613e-07,0.14015817642211914
6,2,9449,0.0019699865416514554,0.03673839569091797,0.001108303806571269,0.0374445915222168,0.0007899484912179674,0.03808474540710449,0.000584363244300141,0.03869175910949707,0.00046180245164136686,0.03928661346435547,0.0003520049405963268,0.039887189865112305,0.00024387354308196227,0.04048919677734375,0.00016432821891454127,0.0411839485168457,0.0001191006585954819,0.042626142501831055,8.221224393693763e-05,0.04474234580993652,5.8776029696880007e-05,0.04751753807067871,4.210311803279214e-05,0.050301551818847656,2.8834016487830177e-05,0.05153679847717285,1.964987888964377e-05,0.052427053451538086,1.2400863444391994e-05,0.053392887115478516,8.137681411250411e-06,0.05440235137939453,4.982335614386502e-06,0.05538487434387207,2.8245455590356813e-06,0.05727410316467285,1.8684089484109455e-06,0.0589146614074707,1.4555211781407047e-06,0.060964107513427734,1.3001561750496152e-06,0.06194782257080078,1.1192702257809486e-06,0.06267452239990234,9.159437029440228e-07,0.06332659721374512,7.890722589125623e-07,0.06392979621887207,6.991549734787816e-07,0.06452107429504395,6.29998818375136e-07,0.06511259078979492,5.541197888396151e-07,0.06628704071044922,5.220440419291986e-07,0.0668799877166748,4.727520196684694e-07,0.06746530532836914,4.3198100947867054e-07,0.06804847717285156,3.76783177870662e-07,0.06863832473754883,3.2916743741903275e-07,0.06922698020935059,2.8229286254225e-07,0.06983828544616699,2.4784868255895415e-07,0.07043004035949707,1.7419108041732276e-07,0.07101607322692871,1.1276110774893613e-07,0.0716559886932373
6,4,9449,0.0019699865416514554,0.03570365905761719,0.001108303806571269,0.03724861145019531,0.0007899484912179674,0.03818058967590332,0.000584363244300141,0.039118051528930664,0.00046180245164136686,0.04021430015563965,0.0003520049405963268,0.044054269790649414,0.00024387354308196227,0.04614377021789551,0.00016432821891454127,0.05113077163696289,0.0001191006585954819,0.05273914337158203,8.221224393693763e-05,0.05392646789550781,5.8776029696880007e-05,0.05528426170349121,4.210311803279214e-05,0.05831599235534668,2.8834016487830177e-05,0.062286376953125,1.964987888964377e-05,0.06557011604309082,1.2400863444391994e-05,0.06683564186096191,8.137681411250411e-06,0.0683441162109375,4.982335614386502e-06,0.06920170783996582,2.8245455590356813e-06,0.07004070281982422,1.8684089484109455e-06,0.07091140747070312,1.4555211781407047e-06,0.07684183120727539,1.3001561750496152e-06,0.07958126068115234,1.1192702257809486e-06,0.08115434646606445,9.159437029440228e-07,0.08566999435424805,7.890722589125623e-07,0.08820652961730957,6.991549734787816e-07,0.09130573272705078,6.29998818375136e-07,0.09491467475891113,5.541197888396151e-07,0.0984487533569336,5.220440419291986e-07,0.10019111633300781,4.727520196684694e-07,0.10131669044494629,4.3198100947867054e-07,0.10313749313354492,3.76783177870662e-07,0.10547852516174316,3.2916743741903275e-07,0.10784053802490234,2.8229286254225e-07,0.11271429061889648,2.4784868255895415e-07,0.11423659324645996,1.7419108041732276e-07,0.11794590950012207,1.1276110774893613e-07,0.12298941612243652
7,-12,682405,7.740711578999524e-18,0.17482519149780273
7,-10,682405,7.740711578999524e-18,0.21654701232910156
7,-8,682364,3.0766305324411034e-11,0.13106179237365723
7,-6,679111,3.645128381037057e-08,0.13586854934692383
7,-4,562858,2.4574640080994107e-05,0.12508511543273926,4.6896140709967595e-08,0.12688970565795898
7,-2,123168,0.0015228281920897189,0.1348419189453125,0.00030777576920592686,0.1362919807434082,0.00010503792190500433,0.13769125938415527,4.486907332315478e-05,0.1431112289428711,8.578674837123756e-06,0.1472160816192627,1.8295631737037147e-06,0.15242528915405273,3.0341916235111467e-07,0.16235637664794922
7,0,9449,0.0019699865416514554,0.07353353500366211,0.001108303806571269,0.07517814636230469,0.0007899484912179674,0.07771778106689453,0.000584363244300141,0.07997250556945801,0.00046180245164136686,0.08544659614562988,0.0003520049405963268,0.08895158767700195,0.00024387354308196227,0.09235024452209473,0.00016432821891454127,0.09353804588317871,0.0001191006585954819,0.0951240062713623,8.221224393693763e-05,0.09637856483459473,5.8776029696880007e-05,0.09807729721069336,4.210311803279214e-05,0.09929513931274414,2.8834016487830177e-05,0.10032916069030762,1.964987888964377e-05,0.10154938697814941,1.2400863444391994e-05,0.10292315483093262,8.137681411250411e-06,0.10416364669799805,4.982335614386502e-06,0.10497093200683594,2.8245455590356813e-06,0.1056981086730957,1.8684089484109455e-06,0.10639619827270508,1.4555211781407047e-06,0.10763216018676758,1.3001561750496152e-06,0.1082310676574707,1.1192702257809486e-06,0.10883092880249023,9.159437029440228e-07,0.10942792892456055,7.890722589125623e-07,0.11001420021057129,6.991549734787816e-07,0.11060595512390137,6.29998818375136e-07,0.1111917495727539,5.541197888396151e-07,0.11233186721801758,5.220440419291986e-07,0.11293244361877441,4.727520196684694e-07,0.11352109909057617,4.3198100947867054e-07,0.1141061782836914,3.76783177870662e-07,0.11468839645385742,3.2916743741903275e-07,0.11527490615844727,2.8229286254225e-07,0.1158602237701416,2.4784868255895415e-07,0.11647558212280273,1.7419108041732276e-07,0.11707544326782227,1.1276110774893613e-07,0.11771082878112793
7,2,9449,0.0019699865416514554,0.02869892120361328,0.001108303806571269,0.031472206115722656,0.0007899484912179674,0.034571170806884766,0.000584363244300141,0.03615307807922363,0.00046180245164136686,0.037572622299194336,0.0003520049405963268,0.038805246353149414,0.00024387354308196227,0.039792776107788086,0.00016432821891454127,0.04096817970275879,0.0001191006585954819,0.04206228256225586,8.221224393693763e-05,0.04373931884765625,5.8776029696880007e-05,0.04865431785583496,4.210311803279214e-05,0.05017685890197754,2.8834016487830177e-05,0.05233263969421387,1.964987888964377e-05,0.05383944511413574,1.2400863444391994e-05,0.05630207061767578,8.137681411250411e-06,0.05999612808227539,4.982335614386502e-06,0.06342554092407227,2.8245455590356813e-06,0.06763219833374023,1.8684089484109455e-06,0.07023358345031738,1.4555211781407047e-06,0.07246899604797363,1.3001561750496152e-06,0.07389283180236816,1.1192702257809486e-06,0.07591485977172852,9.159437029440228e-07,0.08026456832885742,7.890722589125623e-07,0.08590841293334961,6.991549734787816e-07,0.08953714370727539,6.29998818375136e-07,0.09062838554382324,5.541197888396151e-07,0.09320831298828125,5.220440419291986e-07,0.09656453132629395,4.727520196684694e-07,0.0992288589477539,4.3198100947867054e-07,0.10207724571228027,3.76783177870662e-07,0.10337662696838379,3.2916743741903275e-07,0.10498571395874023,2.8229286254225e-07,0.10646533966064453,2.4784868255895415e-07,0.10908913612365723,1.7419108041732276e-07,0.11320972442626953,1.1276110774893613e-07,0.11865377426147461
7,4,9449,0.0019699865416514554,0.05527639389038086,0.001108303806571269,0.05654263496398926,0.0007899484912179674,0.05969667434692383,0.000584363244300141,0.061345577239990234,0.00046180245164136686,0.06452751159667969,0.0003520049405963268,0.06855988502502441,0.00024387354308196227,0.07285809516906738,0.00016432821891454127,0.07746195793151855,0.0001191006585954819,0.0794069766998291,8.221224393693763e-05,0.0809621810913086,5.8776029696880007e-05,0.08230257034301758,4.210311803279214e-05,0.08502435684204102,2.8834016487830177e-05,0.0868690013885498,1.964987888964377e-05,0.09095120429992676,1.2400863444391994e-05,0.09828972816467285,8.137681411250411e-06,0.10199928283691406,4.982335614386502e-06,0.10381484031677246,2.8245455590356813e-06,0.10517072677612305,1.8684089484109455e-06,0.10686302185058594,1.4555211781407047e-06,0.11087703704833984,1.3001561750496152e-06,0.11238265037536621,1.1192702257809486e-06,0.11501431465148926,9.159437029440228e-07,0.11694979667663574,7.890722589125623e-07,0.12103104591369629,6.991549734787816e-07,0.12493252754211426,6.29998818375136e-07,0.12813711166381836,5.541197888396151e-07,0.1316242218017578,5.220440419291986e-07,0.13472437858581543,4.727520196684694e-07,0.13639116287231445,4.3198100947867054e-07,0.137406587600708,3.76783177870662e-07,0.13863253593444824,3.2916743741903275e-07,0.13967132568359375,2.8229286254225e-07,0.14046931266784668,2.4784868255895415e-07,0.14124608039855957,1.7419108041732276e-07,0.14204978942871094,1.1276110774893613e-07,0.14464187622070312
8,-12,682405,7.740711578999524e-18,0.2953002452850342
8,-10,682405,7.740711578999524e-18,0.13187265396118164
8,-8,682364,3.0766305324411034e-11,0.1532282829284668
8,-6,679111,3.645128381037057e-08,0.1333925724029541
8,-4,562858,2.4574640080994107e-05,0.13277125358581543,4.6896140709967595e-08,0.13455605506896973
8,-2,123168,0.0015228281920897189,0.05817389488220215,0.00030777576920592686,0.05908489227294922,0.00010503792190500433,0.05995440483093262,4.486907332315478e-05,0.06082320213317871,8.578674837123756e-06,0.06168317794799805,1.8295631737037147e-06,0.06254029273986816,3.0341916235111467e-07,0.0634469985961914
8,0,9449,0.0019699865416514554,0.02238917350769043,0.001108303806571269,0.022951126098632812,0.0007899484912179674,0.02348947525024414,0.000584363244300141,0.02402663230895996,0.00046180245164136686,0.024567842483520508,0.0003520049405963268,0.025104284286499023,0.00024387354308196227,0.025637149810791016,0.00016432821891454127,0.02617335319519043,0.0001191006585954819,0.026707887649536133,8.221224393693763e-05,0.02724456787109375,5.8776029696880007e-05,0.0277860164642334,4.210311803279214e-05,0.028328418731689453,2.8834016487830177e-05,0.02887868881225586,1.964987888964377e-05,0.02942037582397461,1.2400863444391994e-05,0.029961585998535156,8.137681411250411e-06,0.03050827980041504,4.982335614386502e-06,0.031052589416503906,2.8245455590356813e-06,0.03159832954406738,1.8684089484109455e-06,0.032143354415893555,1.4555211781407047e-06,0.03320908546447754,1.3001561750496152e-06,0.03374648094177246,1.1192702257809486e-06,0.03427696228027344,9.159437029440228e-07,0.03480672836303711,7.890722589125623e-07,0.035338640213012695,6.991549734787816e-07,0.035871267318725586,6.29998818375136e-07,0.03641176223754883,5.541197888396151e-07,0.0374453067779541,5.220440419291986e-07,0.03797745704650879,4.727520196684694e-07,0.03850579261779785,4.3198100947867054e-07,0.039035797119140625,3.76783177870662e-07,0.03956460952758789,3.2916743741903275e-07,0.04009437561035156,2.8229286254225e-07,0.04063248634338379,2.4784868255895415e-07,0.04116559028625488,1.7419108041732276e-07,0.04169726371765137,1.1276110774893613e-07,0.042268991470336914
8,2,9449,0.0019699865416514554,0.023753643035888672,0.001108303806571269,0.024361371994018555,0.0007899484912179674,0.024915695190429688,0.000584363244300141,0.025811433792114258,0.00046180245164136686,0.027196407318115234,0.0003520049405963268,0.02958965301513672,0.00024387354308196227,0.032248735427856445,0.00016432821891454127,0.035439252853393555,0.0001191006585954819,0.03637552261352539,8.221224393693763e-05,0.03716301918029785,5.8776029696880007e-05,0.038002967834472656,4.210311803279214e-05,0.03879094123840332,2.8834016487830177e-05,0.03965115547180176,1.964987888964377e-05,0.04047846794128418,1.2400863444391994e-05,0.04178214073181152,8.137681411250411e-06,0.04308199882507324,4.982335614386502e-06,0.04403996467590332,2.8245455590356813e-06,0.04493570327758789,1.8684089484109455e-06,0.04561161994934082,1.4555211781407047e-06,0.046819448471069336,1.3001561750496152e-06,0.04742884635925293,1.1192702257809486e-06,0.04794192314147949,9.159437029440228e-07,0.048450469970703125,7.890722589125623e-07,0.04892301559448242,6.991549734787816e-07,0.04939126968383789,6.29998818375136e-07,0.04988384246826172,5.541197888396151e-07,0.05085444450378418,5.220440419291986e-07,0.05137181282043457,4.727520196684694e-07,0.05187082290649414,4.3198100947867054e-07,0.05255866050720215,3.76783177870662e-07,0.05310344696044922,3.2916743741903275e-07,0.053726911544799805,2.8229286254225e-07,0.05428957939147949,2.4784868255895415e-07,0.05574440956115723,1.7419108041732276e-07,0.05797433853149414,1.1276110774893613e-07,0.05861043930053711
8,4,9449,0.0019699865416514554,0.04141092300415039,0.001108303806571269,0.04333782196044922,0.0007899484912179674,0.045107364654541016,0.000584363244300141,0.04718756675720215,0.00046180245164136686,0.04873967170715332,0.0003520049405963268,0.05174112319946289,0.00024387354308196227,0.05328989028930664,0.00016432821891454127,0.05476260185241699,0.0001191006585954819,0.05600261688232422,8.221224393693763e-05,0.05718708038330078,5.8776029696880007e-05,0.05836820602416992,4.210311803279214e-05,0.0625314712524414,2.8834016487830177e-05,0.06793546676635742,1.964987888964377e-05,0.07031488418579102,1.2400863444391994e-05,0.07211446762084961,8.137681411250411e-06,0.07353353500366211,4.982335614386502e-06,0.07636260986328125,2.8245455590356813e-06,0.07892227172851562,1.8684089484109455e-06,0.08218193054199219,1.4555211781407047e-06,0.08505725860595703,1.3001561750496152e-06,0.08943986892700195,1.1192702257809486e-06,0.09073138236999512,9.159437029440228e-07,0.09532618522644043,7.890722589125623e-07,0.09952831268310547,6.991549734787816e-07,0.10291790962219238,6.29998818375136e-07,0.1037294864654541,5.541197888396151e-07,0.10561037063598633,5.220440419291986e-07,0.10765647888183594,4.727520196684694e-07,0.10935211181640625,4.3198100947867054e-07,0.11048293113708496,3.76783177870662e-07,0.11365652084350586,3.2916743741903275e-07,0.11536121368408203,2.8229286254225e-07,0.1165304183959961,2.4784868255895415e-07,0.11745834350585938,1.7419108041732276e-07,0.11880612373352051,1.1276110774893613e-07,0.12176036834716797
9,-12,682405,7.740711578999524e-18,0.3803408145904541
9,-10,682405,7.740711578999524e-18,0.13599514961242676
9,-8,682364,3.0766305324411034e-11,0.15699219703674316
9,-6,679111,3.645128381037057e-08,0.13429045677185059
9,-4,562858,2.4574640080994107e-05,0.1362011432647705,4.6896140709967595e-08,0.13816285133361816
9,-2,123168,0.0015228281920897189,0.05863475799560547,0.00030777576920592686,0.05954885482788086,0.00010503792190500433,0.06043195724487305,4.486907332315478e-05,0.061327457427978516,8.578674837123756e-06,0.062211036682128906,1.8295631737037147e-06,0.06308889389038086,3.0341916235111467e-07,0.06401920318603516
9,0,9449,0.0019699865416514554,0.02282261848449707,0.001108303806571269,0.023403406143188477,0.0007899484912179674,0.023961305618286133,0.000584363244300141,0.024536609649658203,0.00046180245164136686,0.025096654891967773,0.0003520049405963268,0.025650978088378906,0.00024387354308196227,0.026213645935058594,0.00016432821891454127,0.02677178382873535,0.0001191006585954819,0.02732706069946289,8.221224393693763e-05,0.027887582778930664,5.8776029696880007e-05,0.02846813201904297,4.210311803279214e-05,0.029039382934570312,2.8834016487830177e-05,0.029601573944091797,1.964987888964377e-05,0.03016185760498047,1.2400863444391994e-05,0.030720949172973633,8.137681411250411e-06,0.03128457069396973,4.982335614386502e-06,0.03184866905212402,2.8245455590356813e-06,0.03243660926818848,1.8684089484109455e-06,0.03300666809082031,1.4555211781407047e-06,0.034102439880371094,1.3001561750496152e-06,0.03465986251831055,1.1192702257809486e-06,0.03521013259887695,9.159437029440228e-07,0.03576040267944336,7.890722589125623e-07,0.036324262619018555,6.991549734787816e-07,0.036879539489746094,6.29998818375136e-07,0.037431955337524414,5.541197888396151e-07,0.03848600387573242,5.220440419291986e-07,0.03903770446777344,4.727520196684694e-07,0.03958630561828613,4.3198100947867054e-07,0.0401463508605957,3.76783177870662e-07,0.04070258140563965,3.2916743741903275e-07,0.04125356674194336,2.8229286254225e-07,0.041806936264038086,2.4784868255895415e-07,0.042359113693237305,1.7419108041732276e-07,0.04291105270385742,1.1276110774893613e-07,0.04350543022155762
9,2,9449,0.0019699865416514554,0.0226287841796875,0.001108303806571269,0.02330183982849121,0.0007899484912179674,0.023871660232543945,0.000584363244300141,0.024445295333862305,0.00046180245164136686,0.02500295639038086,0.0003520049405963268,0.025556325912475586,0.00024387354308196227,0.02610921859741211,0.00016432821891454127,0.02666187286376953,0.0001191006585954819,0.02721381187438965,8.221224393693763e-05,0.027780771255493164,5.8776029696880007e-05,0.028352975845336914,4.210311803279214e-05,0.02891683578491211,2.8834016487830177e-05,0.029476642608642578,1.964987888964377e-05,0.0300750732421875,1.2400863444391994e-05,0.03086233139038086,8.137681411250411e-06,0.03155994415283203,4.982335614386502e-06,0.03216814994812012,2.8245455590356813e-06,0.032750844955444336,1.8684089484109455e-06,0.033324241638183594,1.4555211781407047e-06,0.034418344497680664,1.3001561750496152e-06,0.034972429275512695,1.1192702257809486e-06,0.035524845123291016,9.159437029440228e-07,0.036074161529541016,7.890722589125623e-07,0.03663277626037598,6.991549734787816e-07,0.03718400001525879,6.29998818375136e-07,0.03773832321166992,5.541197888396151e-07,0.03881096839904785,5.220440419291986e-07,0.03937077522277832,4.727520196684694e-07,0.0404202938079834,4.3198100947867054e-07,0.04200482368469238,3.76783177870662e-07,0.044010162353515625,3.2916743741903275e-07,0.04680919647216797,2.8229286254225e-07,0.04954028129577637,2.4784868255895415e-07,0.05076885223388672,1.7419108041732276e-07,0.05145859718322754,1.1276110774893613e-07,0.052378177642822266
9,4,9449,0.0019699865416514554,0.02346944808959961,0.001108303806571269,0.024046897888183594,0.0007899484912179674,0.024604320526123047,0.000584363244300141,0.02517843246459961,0.00046180245164136686,0.025707006454467773,0.0003520049405963268,0.026234865188598633,0.00024387354308196227,0.026760578155517578,0.00016432821891454127,0.027335405349731445,0.0001191006585954819,0.02789020538330078,8.221224393693763e-05,0.02844691276550293,5.8776029696880007e-05,0.029006242752075195,4.210311803279214e-05,0.029624223709106445,2.8834016487830177e-05,0.030217409133911133,1.964987888964377e-05,0.030796289443969727,1.2400863444391994e-05,0.03139925003051758,8.137681411250411e-06,0.031974077224731445,4.982335614386502e-06,0.03253889083862305,2.8245455590356813e-06,0.03307747840881348,1.8684089484109455e-06,0.033616065979003906,1.4555211781407047e-06,0.03470325469970703,1.3001561750496152e-06,0.03527235984802246,1.1192702257809486e-06,0.03580117225646973,9.159437029440228e-07,0.03635978698730469,7.890722589125623e-07,0.03737235069274902,6.991549734787816e-07,0.0380551815032959,6.29998818375136e-07,0.038605451583862305,5.541197888396151e-07,0.03977847099304199,5.220440419291986e-07,0.040395259857177734,4.727520196684694e-07,0.040940046310424805,4.3198100947867054e-07,0.041473388671875,3.76783177870662e-07,0.0420074462890625,3.2916743741903275e-07,0.04253888130187988,2.8229286254225e-07,0.04308795928955078,2.4784868255895415e-07,0.04365372657775879,1.7419108041732276e-07,0.04421734809875488,1.1276110774893613e-07,0.04483747482299805
